Id,SleepDay,TotalSleepRecords,TotalMinutesAsleep,TotalTimeInBed,ActivityDate,SleepEfficiencyPct,TimeToFallAsleepMin,DayOfWeek
1503960366,2016-04-12,1,327,346,2016-04-12,94.5,19,Tuesday
1503960366,2016-04-13,2,384,407,2016-04-13,94.3,23,Wednesday
1503960366,2016-04-15,1,412,442,2016-04-15,93.2,30,Friday
1503960366,2016-04-16,2,340,367,2016-04-16,92.6,27,Saturday
1503960366,2016-04-17,1,700,712,2016-04-17,98.3,12,Sunday
1503960366,2016-04-19,1,304,320,2016-04-19,95.0,16,Tuesday
1503960366,2016-04-20,1,360,377,2016-04-20,95.5,17,Wednesday
1503960366,2016-04-21,1,325,364,2016-04-21,89.3,39,Thursday
1503960366,2016-04-23,1,361,384,2016-04-23,94.0,23,Saturday
1503960366,2016-04-24,1,430,449,2016-04-24,95.8,19,Sunday
1503960366,2016-04-25,1,277,323,2016-04-25,85.8,46,Monday
1503960366,2016-04-26,1,245,274,2016-04-26,89.4,29,Tuesday
1503960366,2016-04-28,1,366,393,2016-04-28,93.1,27,Thursday
1503960366,2016-04-29,1,341,354,2016-04-29,96.3,13,Friday
1503960366,2016-04-30,1,404,425,2016-04-30,95.1,21,Saturday
1503960366,2016-05-01,1,369,396,2016-05-01,93.2,27,Sunday
1503960366,2016-05-02,1,277,309,2016-05-02,89.6,32,Monday
1503960366,2016-05-03,1,273,296,2016-05-03,92.2,23,Tuesday
1503960366,2016-05-05,1,247,264,2016-05-05,93.6,17,Thursday
1503960366,2016-05-06,1,334,367,2016-05-06,91.0,33,Friday
1503960366,2016-05-07,1,331,349,2016-05-07,94.8,18,Saturday
1503960366,2016-05-08,1,594,611,2016-05-08,97.2,17,Sunday
1503960366,2016-05-09,1,338,342,2016-05-09,98.8,4,Monday
1503960366,2016-05-10,1,383,403,2016-05-10,95.0,20,Tuesday
1503960366,2016-05-11,1,285,306,2016-05-11,93.1,21,Wednesday
1644430081,2016-04-29,1,119,127,2016-04-29,93.7,8,Friday
1644430081,2016-04-30,1,124,142,2016-04-30,87.3,18,Saturday
1644430081,2016-05-02,1,796,961,2016-05-02,82.8,165,Monday
1644430081,2016-05-08,1,137,154,2016-05-08,89.0,17,Sunday
1844505072,2016-04-15,1,644,961,2016-04-15,67.0,317,Friday
1844505072,2016-04-30,1,722,961,2016-04-30,75.1,239,Saturday
1844505072,2016-05-01,1,590,961,2016-05-01,61.4,371,Sunday
1927972279,2016-04-12,3,750,775,2016-04-12,96.8,25,Tuesday
1927972279,2016-04-13,1,398,422,2016-04-13,94.3,24,Wednesday
1927972279,2016-04-15,2,475,499,2016-04-15,95.2,24,Friday
1927972279,2016-04-26,1,296,315,2016-04-26,94.0,19,Tuesday
1927972279,2016-04-28,1,166,178,2016-04-28,93.3,12,Thursday
2026352035,2016-04-12,1,503,546,2016-04-12,92.1,43,Tuesday
2026352035,2016-04-13,1,531,565,2016-04-13,94.0,34,Wednesday
2026352035,2016-04-14,1,545,568,2016-04-14,96.0,23,Thursday
2026352035,2016-04-15,1,523,573,2016-04-15,91.3,50,Friday
2026352035,2016-04-16,1,524,567,2016-04-16,92.4,43,Saturday
2026352035,2016-04-17,1,437,498,2016-04-17,87.8,61,Sunday
2026352035,2016-04-19,1,498,540,2016-04-19,92.2,42,Tuesday
2026352035,2016-04-20,1,461,510,2016-04-20,90.4,49,Wednesday
2026352035,2016-04-21,1,477,514,2016-04-21,92.8,37,Thursday
2026352035,2016-04-22,1,520,545,2016-04-22,95.4,25,Friday
2026352035,2016-04-23,1,522,554,2016-04-23,94.2,32,Saturday
2026352035,2016-04-24,1,555,591,2016-04-24,93.9,36,Sunday
2026352035,2016-04-25,1,506,531,2016-04-25,95.3,25,Monday
2026352035,2016-04-27,1,508,545,2016-04-27,93.2,37,Wednesday
2026352035,2016-04-28,1,513,545,2016-04-28,94.1,32,Thursday
2026352035,2016-04-29,1,490,510,2016-04-29,96.1,20,Friday
2026352035,2016-04-30,1,573,607,2016-04-30,94.4,34,Saturday
2026352035,2016-05-01,1,527,546,2016-05-01,96.5,19,Sunday
2026352035,2016-05-02,1,511,543,2016-05-02,94.1,32,Monday
2026352035,2016-05-04,1,538,560,2016-05-04,96.1,22,Wednesday
2026352035,2016-05-05,1,468,485,2016-05-05,96.5,17,Thursday
2026352035,2016-05-06,1,524,548,2016-05-06,95.6,24,Friday
2026352035,2016-05-07,1,511,521,2016-05-07,98.1,10,Saturday
2026352035,2016-05-08,1,541,568,2016-05-08,95.2,27,Sunday
2026352035,2016-05-09,1,531,556,2016-05-09,95.5,25,Monday
2026352035,2016-05-10,1,357,380,2016-05-10,93.9,23,Tuesday
2026352035,2016-05-11,1,523,553,2016-05-11,94.6,30,Wednesday
2026352035,2016-05-12,1,456,485,2016-05-12,94.0,29,Thursday
2320127002,2016-04-23,1,61,69,2016-04-23,88.4,8,Saturday
2347167796,2016-04-13,1,467,531,2016-04-13,87.9,64,Wednesday
2347167796,2016-04-14,1,445,489,2016-04-14,91.0,44,Thursday
2347167796,2016-04-15,1,452,504,2016-04-15,89.7,52,Friday
2347167796,2016-04-17,1,556,602,2016-04-17,92.4,46,Sunday
2347167796,2016-04-18,1,500,557,2016-04-18,89.8,57,Monday
2347167796,2016-04-19,1,465,514,2016-04-19,90.5,49,Tuesday
2347167796,2016-04-21,1,460,484,2016-04-21,95.0,24,Thursday
2347167796,2016-04-22,1,405,461,2016-04-22,87.9,56,Friday
2347167796,2016-04-23,1,374,386,2016-04-23,96.9,12,Saturday
2347167796,2016-04-24,1,442,459,2016-04-24,96.3,17,Sunday
2347167796,2016-04-25,1,433,471,2016-04-25,91.9,38,Monday
2347167796,2016-04-26,1,436,490,2016-04-26,89.0,54,Tuesday
2347167796,2016-04-27,1,448,499,2016-04-27,89.8,51,Wednesday
2347167796,2016-04-28,1,408,450,2016-04-28,90.7,42,Thursday
2347167796,2016-04-29,1,411,473,2016-04-29,86.9,62,Friday
3977333714,2016-04-12,1,274,469,2016-04-12,58.4,195,Tuesday
3977333714,2016-04-13,2,295,456,2016-04-13,64.7,161,Wednesday
3977333714,2016-04-14,1,291,397,2016-04-14,73.3,106,Thursday
3977333714,2016-04-15,1,424,556,2016-04-15,76.3,132,Friday
3977333714,2016-04-16,1,283,510,2016-04-16,55.5,227,Saturday
3977333714,2016-04-17,1,381,566,2016-04-17,67.3,185,Sunday
3977333714,2016-04-18,2,412,522,2016-04-18,78.9,110,Monday
3977333714,2016-04-19,1,219,395,2016-04-19,55.4,176,Tuesday
3977333714,2016-04-20,2,152,305,2016-04-20,49.8,153,Wednesday
3977333714,2016-04-21,1,332,512,2016-04-21,64.8,180,Thursday
3977333714,2016-04-22,1,355,476,2016-04-22,74.6,121,Friday
3977333714,2016-04-23,1,235,372,2016-04-23,63.2,137,Saturday
3977333714,2016-04-24,1,310,526,2016-04-24,58.9,216,Sunday
3977333714,2016-04-25,1,262,467,2016-04-25,56.1,205,Monday
3977333714,2016-04-26,1,250,371,2016-04-26,67.4,121,Tuesday
3977333714,2016-04-27,1,349,540,2016-04-27,64.6,191,Wednesday
3977333714,2016-04-28,1,261,423,2016-04-28,61.7,162,Thursday
3977333714,2016-04-29,1,333,478,2016-04-29,69.7,145,Friday
3977333714,2016-04-30,1,237,382,2016-04-30,62.0,145,Saturday
3977333714,2016-05-01,1,383,626,2016-05-01,61.2,243,Sunday
3977333714,2016-05-02,1,230,384,2016-05-02,59.9,154,Monday
3977333714,2016-05-03,1,292,500,2016-05-03,58.4,208,Tuesday
3977333714,2016-05-04,1,213,336,2016-05-04,63.4,123,Wednesday
3977333714,2016-05-05,1,318,480,2016-05-05,66.2,162,Thursday
3977333714,2016-05-06,1,323,512,2016-05-06,63.1,189,Friday
3977333714,2016-05-07,1,237,443,2016-05-07,53.5,206,Saturday
3977333714,2016-05-08,2,259,456,2016-05-08,56.8,197,Sunday
3977333714,2016-05-10,1,312,452,2016-05-10,69.0,140,Tuesday
4020332650,2016-04-12,1,501,541,2016-04-12,92.6,40,Tuesday
4020332650,2016-04-16,1,77,77,2016-04-16,100.0,0,Saturday
4020332650,2016-05-03,1,322,332,2016-05-03,97.0,10,Tuesday
4020332650,2016-05-04,1,478,536,2016-05-04,89.2,58,Wednesday
4020332650,2016-05-05,1,226,248,2016-05-05,91.1,22,Thursday
4020332650,2016-05-06,1,385,408,2016-05-06,94.4,23,Friday
4020332650,2016-05-08,1,364,402,2016-05-08,90.5,38,Sunday
4020332650,2016-05-10,1,442,494,2016-05-10,89.5,52,Tuesday
4319703577,2016-04-14,1,535,557,2016-04-14,96.1,22,Thursday
4319703577,2016-04-15,1,465,491,2016-04-15,94.7,26,Friday
4319703577,2016-04-16,1,506,522,2016-04-16,96.9,16,Saturday
4319703577,2016-04-18,1,515,551,2016-04-18,93.5,36,Monday
4319703577,2016-04-19,2,461,498,2016-04-19,92.6,37,Tuesday
4319703577,2016-04-20,1,523,543,2016-04-20,96.3,20,Wednesday
4319703577,2016-04-21,1,59,65,2016-04-21,90.8,6,Thursday
4319703577,2016-04-22,1,533,550,2016-04-22,96.9,17,Friday
4319703577,2016-04-23,1,692,722,2016-04-23,95.8,30,Saturday
4319703577,2016-04-24,1,467,501,2016-04-24,93.2,34,Sunday
4319703577,2016-04-25,1,488,506,2016-04-25,96.4,18,Monday
4319703577,2016-04-26,1,505,516,2016-04-26,97.9,11,Tuesday
4319703577,2016-04-27,1,286,307,2016-04-27,93.2,21,Wednesday
4319703577,2016-04-28,1,497,522,2016-04-28,95.2,25,Thursday
4319703577,2016-04-29,1,523,546,2016-04-29,95.8,23,Friday
4319703577,2016-04-30,1,490,516,2016-04-30,95.0,26,Saturday
4319703577,2016-05-01,1,484,500,2016-05-01,96.8,16,Sunday
4319703577,2016-05-02,1,478,506,2016-05-02,94.5,28,Monday
4319703577,2016-05-03,1,474,512,2016-05-03,92.6,38,Tuesday
4319703577,2016-05-06,1,450,491,2016-05-06,91.6,41,Friday
4319703577,2016-05-07,1,507,530,2016-05-07,95.7,23,Saturday
4319703577,2016-05-08,1,602,638,2016-05-08,94.4,36,Sunday
4319703577,2016-05-09,1,535,565,2016-05-09,94.7,30,Monday
4319703577,2016-05-10,1,487,517,2016-05-10,94.2,30,Tuesday
4319703577,2016-05-11,1,529,558,2016-05-11,94.8,29,Wednesday
4319703577,2016-05-12,1,302,321,2016-05-12,94.1,19,Thursday
4388161847,2016-04-15,1,499,526,2016-04-15,94.9,27,Friday
4388161847,2016-04-16,2,426,448,2016-04-16,95.1,22,Saturday
4388161847,2016-04-17,2,619,641,2016-04-17,96.6,22,Sunday
4388161847,2016-04-18,1,99,104,2016-04-18,95.2,5,Monday
4388161847,2016-04-19,1,329,338,2016-04-19,97.3,9,Tuesday
4388161847,2016-04-20,1,421,451,2016-04-20,93.3,30,Wednesday
4388161847,2016-04-21,1,442,458,2016-04-21,96.5,16,Thursday
4388161847,2016-04-22,1,82,85,2016-04-22,96.5,3,Friday
4388161847,2016-04-23,1,478,501,2016-04-23,95.4,23,Saturday
4388161847,2016-04-24,3,552,595,2016-04-24,92.8,43,Sunday
4388161847,2016-04-26,1,319,346,2016-04-26,92.2,27,Tuesday
4388161847,2016-04-27,1,439,500,2016-04-27,87.8,61,Wednesday
4388161847,2016-04-28,1,428,458,2016-04-28,93.4,30,Thursday
4388161847,2016-04-30,2,409,430,2016-04-30,95.1,21,Saturday
4388161847,2016-05-01,1,547,597,2016-05-01,91.6,50,Sunday
4388161847,2016-05-02,2,368,376,2016-05-02,97.9,8,Monday
4388161847,2016-05-04,1,390,414,2016-05-04,94.2,24,Wednesday
4388161847,2016-05-05,1,471,495,2016-05-05,95.2,24,Thursday
4388161847,2016-05-07,1,472,496,2016-05-07,95.2,24,Saturday
4388161847,2016-05-08,2,529,541,2016-05-08,97.8,12,Sunday
4388161847,2016-05-09,1,62,65,2016-05-09,95.4,3,Monday
4388161847,2016-05-10,1,354,375,2016-05-10,94.4,21,Tuesday
4388161847,2016-05-11,1,469,494,2016-05-11,94.9,25,Wednesday
4445114986,2016-04-12,2,429,457,2016-04-12,93.9,28,Tuesday
4445114986,2016-04-13,2,370,406,2016-04-13,91.1,36,Wednesday
4445114986,2016-04-14,1,441,492,2016-04-14,89.6,51,Thursday
4445114986,2016-04-15,2,337,379,2016-04-15,88.9,42,Friday
4445114986,2016-04-16,1,462,499,2016-04-16,92.6,37,Saturday
4445114986,2016-04-17,1,98,107,2016-04-17,91.6,9,Sunday
4445114986,2016-04-19,2,388,424,2016-04-19,91.5,36,Tuesday
4445114986,2016-04-20,1,439,462,2016-04-20,95.0,23,Wednesday
4445114986,2016-04-21,1,436,469,2016-04-21,93.0,33,Thursday
4445114986,2016-04-22,1,388,417,2016-04-22,93.0,29,Friday
4445114986,2016-04-25,1,328,345,2016-04-25,95.1,17,Monday
4445114986,2016-04-26,2,353,391,2016-04-26,90.3,38,Tuesday
4445114986,2016-04-27,1,332,374,2016-04-27,88.8,42,Wednesday
4445114986,2016-04-28,1,419,442,2016-04-28,94.8,23,Thursday
4445114986,2016-04-29,1,106,108,2016-04-29,98.1,2,Friday
4445114986,2016-04-30,1,322,353,2016-04-30,91.2,31,Saturday
4445114986,2016-05-01,2,439,459,2016-05-01,95.6,20,Sunday
4445114986,2016-05-02,1,502,542,2016-05-02,92.6,40,Monday
4445114986,2016-05-03,2,417,450,2016-05-03,92.7,33,Tuesday
4445114986,2016-05-04,2,337,363,2016-05-04,92.8,26,Wednesday
4445114986,2016-05-05,2,462,513,2016-05-05,90.1,51,Thursday
4445114986,2016-05-06,2,374,402,2016-05-06,93.0,28,Friday
4445114986,2016-05-07,2,401,436,2016-05-07,92.0,35,Saturday
4445114986,2016-05-08,1,361,391,2016-05-08,92.3,30,Sunday
4445114986,2016-05-09,1,457,533,2016-05-09,85.7,76,Monday
4445114986,2016-05-10,1,405,426,2016-05-10,95.1,21,Tuesday
4445114986,2016-05-11,1,499,530,2016-05-11,94.2,31,Wednesday
4445114986,2016-05-12,1,483,501,2016-05-12,96.4,18,Thursday
4558609924,2016-04-21,1,126,137,2016-04-21,92.0,11,Thursday
4558609924,2016-04-26,1,103,121,2016-04-26,85.1,18,Tuesday
4558609924,2016-04-29,1,171,179,2016-04-29,95.5,8,Friday
4558609924,2016-05-01,1,115,129,2016-05-01,89.1,14,Sunday
4558609924,2016-05-08,1,123,134,2016-05-08,91.8,11,Sunday
4702921684,2016-04-12,1,425,439,2016-04-12,96.8,14,Tuesday
4702921684,2016-04-13,2,400,430,2016-04-13,93.0,30,Wednesday
4702921684,2016-04-14,1,384,415,2016-04-14,92.5,31,Thursday
4702921684,2016-04-15,1,253,257,2016-04-15,98.4,4,Friday
4702921684,2016-04-16,2,382,406,2016-04-16,94.1,24,Saturday
4702921684,2016-04-17,1,591,612,2016-04-17,96.6,21,Sunday
4702921684,2016-04-18,1,293,312,2016-04-18,93.9,19,Monday
4702921684,2016-04-19,1,457,487,2016-04-19,93.8,30,Tuesday
4702921684,2016-04-20,1,454,468,2016-04-20,97.0,14,Wednesday
4702921684,2016-04-21,1,425,434,2016-04-21,97.9,9,Thursday
4702921684,2016-04-23,1,465,475,2016-04-23,97.9,10,Saturday
4702921684,2016-04-24,1,480,506,2016-04-24,94.9,26,Sunday
4702921684,2016-04-25,1,370,380,2016-04-25,97.4,10,Monday
4702921684,2016-04-26,1,421,429,2016-04-26,98.1,8,Tuesday
4702921684,2016-04-27,1,432,449,2016-04-27,96.2,17,Wednesday
4702921684,2016-04-28,1,442,461,2016-04-28,95.9,19,Thursday
4702921684,2016-04-29,1,433,447,2016-04-29,96.9,14,Friday
4702921684,2016-04-30,1,479,501,2016-04-30,95.6,22,Saturday
4702921684,2016-05-03,1,327,373,2016-05-03,87.7,46,Tuesday
4702921684,2016-05-04,1,412,434,2016-05-04,94.9,22,Wednesday
4702921684,2016-05-05,1,414,428,2016-05-05,96.7,14,Thursday
4702921684,2016-05-06,1,404,449,2016-05-06,90.0,45,Friday
4702921684,2016-05-07,1,520,543,2016-05-07,95.8,23,Saturday
4702921684,2016-05-09,1,435,458,2016-05-09,95.0,23,Monday
4702921684,2016-05-10,1,416,431,2016-05-10,96.5,15,Tuesday
4702921684,2016-05-11,1,354,366,2016-05-11,96.7,12,Wednesday
4702921684,2016-05-12,1,404,442,2016-05-12,91.4,38,Thursday
5553957443,2016-04-12,1,441,464,2016-04-12,95.0,23,Tuesday
5553957443,2016-04-13,2,455,488,2016-04-13,93.2,33,Wednesday
5553957443,2016-04-14,1,357,418,2016-04-14,85.4,61,Thursday
5553957443,2016-04-15,1,377,409,2016-04-15,92.2,32,Friday
5553957443,2016-04-16,2,651,686,2016-04-16,94.9,35,Saturday
5553957443,2016-04-17,1,350,402,2016-04-17,87.1,52,Sunday
5553957443,2016-04-18,2,520,541,2016-04-18,96.1,21,Monday
5553957443,2016-04-19,1,357,410,2016-04-19,87.1,53,Tuesday
5553957443,2016-04-20,1,658,678,2016-04-20,97.1,20,Wednesday
5553957443,2016-04-21,1,399,431,2016-04-21,92.6,32,Thursday
5553957443,2016-04-22,1,322,353,2016-04-22,91.2,31,Friday
5553957443,2016-04-23,2,631,725,2016-04-23,87.0,94,Saturday
5553957443,2016-04-24,2,553,640,2016-04-24,86.4,87,Sunday
5553957443,2016-04-25,1,433,468,2016-04-25,92.5,35,Monday
5553957443,2016-04-26,1,412,453,2016-04-26,90.9,41,Tuesday
5553957443,2016-04-27,1,347,391,2016-04-27,88.7,44,Wednesday
5553957443,2016-04-28,1,421,457,2016-04-28,92.1,36,Thursday
5553957443,2016-04-29,1,450,495,2016-04-29,90.9,45,Friday
5553957443,2016-04-30,2,775,843,2016-04-30,91.9,68,Saturday
5553957443,2016-05-01,2,622,686,2016-05-01,90.7,64,Sunday
5553957443,2016-05-02,1,409,471,2016-05-02,86.8,62,Monday
5553957443,2016-05-03,1,380,429,2016-05-03,88.6,49,Tuesday
5553957443,2016-05-04,1,447,470,2016-05-04,95.1,23,Wednesday
5553957443,2016-05-05,1,419,464,2016-05-05,90.3,45,Thursday
5553957443,2016-05-06,1,400,434,2016-05-06,92.2,34,Friday
5553957443,2016-05-07,1,442,470,2016-05-07,94.0,28,Saturday
5553957443,2016-05-08,1,568,608,2016-05-08,93.4,40,Sunday
5553957443,2016-05-09,1,453,494,2016-05-09,91.7,41,Monday
5553957443,2016-05-10,1,418,443,2016-05-10,94.4,25,Tuesday
5553957443,2016-05-11,1,463,486,2016-05-11,95.3,23,Wednesday
5553957443,2016-05-12,1,438,475,2016-05-12,92.2,37,Thursday
5577150313,2016-04-12,1,419,438,2016-04-12,95.7,19,Tuesday
5577150313,2016-04-13,1,432,458,2016-04-13,94.3,26,Wednesday
5577150313,2016-04-14,1,477,497,2016-04-14,96.0,20,Thursday
5577150313,2016-04-15,1,392,413,2016-04-15,94.9,21,Friday
5577150313,2016-04-16,1,406,445,2016-04-16,91.2,39,Saturday
5577150313,2016-04-17,1,549,583,2016-04-17,94.2,34,Sunday
5577150313,2016-04-18,1,527,553,2016-04-18,95.3,26,Monday
5577150313,2016-04-19,1,449,465,2016-04-19,96.6,16,Tuesday
5577150313,2016-04-20,1,447,480,2016-04-20,93.1,33,Wednesday
5577150313,2016-04-21,1,414,437,2016-04-21,94.7,23,Thursday
5577150313,2016-04-22,1,338,366,2016-04-22,92.3,28,Friday
5577150313,2016-04-23,1,384,402,2016-04-23,95.5,18,Saturday
5577150313,2016-04-24,1,543,615,2016-04-24,88.3,72,Sunday
5577150313,2016-04-25,1,421,461,2016-04-25,91.3,40,Monday
5577150313,2016-04-26,1,354,377,2016-04-26,93.9,23,Tuesday
5577150313,2016-04-27,1,424,452,2016-04-27,93.8,28,Wednesday
5577150313,2016-04-28,1,361,372,2016-04-28,97.0,11,Thursday
5577150313,2016-04-29,1,459,485,2016-04-29,94.6,26,Friday
5577150313,2016-04-30,1,412,433,2016-04-30,95.2,21,Saturday
5577150313,2016-05-01,1,379,398,2016-05-01,95.2,19,Sunday
5577150313,2016-05-02,2,525,553,2016-05-02,94.9,28,Monday
5577150313,2016-05-03,1,508,543,2016-05-03,93.6,35,Tuesday
5577150313,2016-05-04,1,603,634,2016-05-04,95.1,31,Wednesday
5577150313,2016-05-05,1,74,78,2016-05-05,94.9,4,Thursday
5577150313,2016-05-10,1,504,562,2016-05-10,89.7,58,Tuesday
5577150313,2016-05-11,1,431,476,2016-05-11,90.5,45,Wednesday
6117666160,2016-04-16,1,380,398,2016-04-16,95.5,18,Saturday
6117666160,2016-04-17,2,336,350,2016-04-17,96.0,14,Sunday
6117666160,2016-04-18,2,493,510,2016-04-18,96.7,17,Monday
6117666160,2016-04-19,1,465,492,2016-04-19,94.5,27,Tuesday
6117666160,2016-04-20,1,474,502,2016-04-20,94.4,28,Wednesday
6117666160,2016-04-21,1,508,550,2016-04-21,92.4,42,Thursday
6117666160,2016-04-22,1,480,546,2016-04-22,87.9,66,Friday
6117666160,2016-04-23,1,492,539,2016-04-23,91.3,47,Saturday
6117666160,2016-04-24,1,353,367,2016-04-24,96.2,14,Sunday
6117666160,2016-04-27,1,542,557,2016-04-27,97.3,15,Wednesday
6117666160,2016-04-28,1,393,416,2016-04-28,94.5,23,Thursday
6117666160,2016-04-29,1,600,636,2016-04-29,94.3,36,Friday
6117666160,2016-05-01,1,507,575,2016-05-01,88.2,68,Sunday
6117666160,2016-05-05,1,392,415,2016-05-05,94.5,23,Thursday
6117666160,2016-05-06,2,658,698,2016-05-06,94.3,40,Friday
6117666160,2016-05-07,2,498,507,2016-05-07,98.2,9,Saturday
6117666160,2016-05-08,1,555,603,2016-05-08,92.0,48,Sunday
6117666160,2016-05-09,1,492,522,2016-05-09,94.3,30,Monday
6775888955,2016-04-13,1,235,260,2016-04-13,90.4,25,Wednesday
6775888955,2016-04-14,1,423,441,2016-04-14,95.9,18,Thursday
6775888955,2016-04-15,1,391,406,2016-04-15,96.3,15,Friday
6962181067,2016-04-12,1,366,387,2016-04-12,94.6,21,Tuesday
6962181067,2016-04-13,3,630,679,2016-04-13,92.8,49,Wednesday
6962181067,2016-04-14,2,508,535,2016-04-14,95.0,27,Thursday
6962181067,2016-04-15,1,370,386,2016-04-15,95.9,16,Friday
6962181067,2016-04-16,1,357,366,2016-04-16,97.5,9,Saturday
6962181067,2016-04-17,1,427,446,2016-04-17,95.7,19,Sunday
6962181067,2016-04-18,1,442,458,2016-04-18,96.5,16,Monday
6962181067,2016-04-19,1,476,535,2016-04-19,89.0,59,Tuesday
6962181067,2016-04-20,1,418,424,2016-04-20,98.6,6,Wednesday
6962181067,2016-04-21,1,451,457,2016-04-21,98.7,6,Thursday
6962181067,2016-04-22,1,425,435,2016-04-22,97.7,10,Friday
6962181067,2016-04-23,1,528,546,2016-04-23,96.7,18,Saturday
6962181067,2016-04-24,1,511,514,2016-04-24,99.4,3,Sunday
6962181067,2016-04-25,1,400,415,2016-04-25,96.4,15,Monday
6962181067,2016-04-26,1,441,446,2016-04-26,98.9,5,Tuesday
6962181067,2016-04-27,1,455,467,2016-04-27,97.4,12,Wednesday
6962181067,2016-04-28,1,440,453,2016-04-28,97.1,13,Thursday
6962181067,2016-04-29,1,433,447,2016-04-29,96.9,14,Friday
6962181067,2016-04-30,1,422,424,2016-04-30,99.5,2,Saturday
6962181067,2016-05-01,1,411,426,2016-05-01,96.5,15,Sunday
6962181067,2016-05-02,1,466,482,2016-05-02,96.7,16,Monday
6962181067,2016-05-03,1,394,418,2016-05-03,94.3,24,Tuesday
6962181067,2016-05-04,1,442,455,2016-05-04,97.1,13,Wednesday
6962181067,2016-05-05,1,467,491,2016-05-05,95.1,24,Thursday
6962181067,2016-05-06,1,443,462,2016-05-06,95.9,19,Friday
6962181067,2016-05-07,1,298,334,2016-05-07,89.2,36,Saturday
6962181067,2016-05-08,1,541,569,2016-05-08,95.1,28,Sunday
6962181067,2016-05-09,1,489,497,2016-05-09,98.4,8,Monday
6962181067,2016-05-10,1,469,481,2016-05-10,97.5,12,Tuesday
6962181067,2016-05-11,1,452,480,2016-05-11,94.2,28,Wednesday
6962181067,2016-05-12,1,516,535,2016-05-12,96.4,19,Thursday
7007744171,2016-04-16,1,79,82,2016-04-16,96.3,3,Saturday
7007744171,2016-05-01,1,58,61,2016-05-01,95.1,3,Sunday
7086361926,2016-04-12,1,514,525,2016-04-12,97.9,11,Tuesday
7086361926,2016-04-13,1,451,465,2016-04-13,97.0,14,Wednesday
7086361926,2016-04-14,1,472,476,2016-04-14,99.2,4,Thursday
7086361926,2016-04-15,1,377,386,2016-04-15,97.7,9,Friday
7086361926,2016-04-19,1,472,483,2016-04-19,97.7,11,Tuesday
7086361926,2016-04-20,1,492,502,2016-04-20,98.0,10,Wednesday
7086361926,2016-04-21,1,390,411,2016-04-21,94.9,21,Thursday
7086361926,2016-04-22,1,428,448,2016-04-22,95.5,20,Friday
7086361926,2016-04-24,1,681,704,2016-04-24,96.7,23,Sunday
7086361926,2016-04-25,1,446,447,2016-04-25,99.8,1,Monday
7086361926,2016-04-26,1,485,500,2016-04-26,97.0,15,Tuesday
7086361926,2016-04-27,1,469,479,2016-04-27,97.9,10,Wednesday
7086361926,2016-04-28,1,354,367,2016-04-28,96.5,13,Thursday
7086361926,2016-04-30,1,485,489,2016-04-30,99.2,4,Saturday
7086361926,2016-05-01,1,388,407,2016-05-01,95.3,19,Sunday
7086361926,2016-05-02,1,440,459,2016-05-02,95.9,19,Monday
7086361926,2016-05-03,1,456,461,2016-05-03,98.9,5,Tuesday
7086361926,2016-05-04,1,420,436,2016-05-04,96.3,16,Wednesday
7086361926,2016-05-06,1,322,333,2016-05-06,96.7,11,Friday
7086361926,2016-05-07,1,530,548,2016-05-07,96.7,18,Saturday
7086361926,2016-05-08,1,481,510,2016-05-08,94.3,29,Sunday
7086361926,2016-05-09,1,427,438,2016-05-09,97.5,11,Monday
7086361926,2016-05-11,1,451,463,2016-05-11,97.4,12,Wednesday
7086361926,2016-05-12,1,444,457,2016-05-12,97.2,13,Thursday
8053475328,2016-04-20,1,486,493,2016-04-20,98.6,7,Wednesday
8053475328,2016-04-23,1,331,337,2016-04-23,98.2,6,Saturday
8053475328,2016-05-07,1,74,75,2016-05-07,98.7,1,Saturday
8378563200,2016-04-12,1,338,356,2016-04-12,94.9,18,Tuesday
8378563200,2016-04-13,2,447,487,2016-04-13,91.8,40,Wednesday
8378563200,2016-04-14,1,424,455,2016-04-14,93.2,31,Thursday
8378563200,2016-04-15,1,513,533,2016-04-15,96.2,20,Friday
8378563200,2016-04-16,2,611,689,2016-04-16,88.7,78,Saturday
8378563200,2016-04-17,2,525,591,2016-04-17,88.8,66,Sunday
8378563200,2016-04-18,1,398,451,2016-04-18,88.2,53,Monday
8378563200,2016-04-19,1,387,421,2016-04-19,91.9,34,Tuesday
8378563200,2016-04-20,1,381,409,2016-04-20,93.2,28,Wednesday
8378563200,2016-04-21,1,396,417,2016-04-21,95.0,21,Thursday
8378563200,2016-04-22,1,441,469,2016-04-22,94.0,28,Friday
8378563200,2016-04-23,1,565,591,2016-04-23,95.6,26,Saturday
8378563200,2016-04-24,1,458,492,2016-04-24,93.1,34,Sunday
8378563200,2016-04-25,1,388,402,2016-04-25,96.5,14,Monday
8378563200,2016-04-26,1,550,584,2016-04-26,94.2,34,Tuesday
8378563200,2016-04-27,1,531,600,2016-04-27,88.5,69,Wednesday
8378563200,2016-04-28,1,506,556,2016-04-28,91.0,50,Thursday
8378563200,2016-04-29,1,527,562,2016-04-29,93.8,35,Friday
8378563200,2016-04-30,1,468,555,2016-04-30,84.3,87,Saturday
8378563200,2016-05-01,1,475,539,2016-05-01,88.1,64,Sunday
8378563200,2016-05-02,1,351,385,2016-05-02,91.2,34,Monday
8378563200,2016-05-03,1,405,429,2016-05-03,94.4,24,Tuesday
8378563200,2016-05-04,1,441,477,2016-05-04,92.5,36,Wednesday
8378563200,2016-05-05,1,381,417,2016-05-05,91.4,36,Thursday
8378563200,2016-05-06,1,323,355,2016-05-06,91.0,32,Friday
8378563200,2016-05-07,2,459,513,2016-05-07,89.5,54,Saturday
8378563200,2016-05-08,1,545,606,2016-05-08,89.9,61,Sunday
8378563200,2016-05-09,1,359,399,2016-05-09,90.0,40,Monday
8378563200,2016-05-10,1,342,391,2016-05-10,87.5,49,Tuesday
8378563200,2016-05-11,1,368,387,2016-05-11,95.1,19,Wednesday
8378563200,2016-05-12,1,496,546,2016-05-12,90.8,50,Thursday
8792009665,2016-04-12,1,458,493,2016-04-12,92.9,35,Tuesday
8792009665,2016-04-13,1,531,552,2016-04-13,96.2,21,Wednesday
8792009665,2016-04-14,1,486,503,2016-04-14,96.6,17,Thursday
8792009665,2016-04-15,1,363,377,2016-04-15,96.3,14,Friday
8792009665,2016-04-20,1,528,547,2016-04-20,96.5,19,Wednesday
8792009665,2016-04-22,1,391,407,2016-04-22,96.1,16,Friday
8792009665,2016-04-23,1,339,360,2016-04-23,94.2,21,Saturday
8792009665,2016-04-27,1,423,428,2016-04-27,98.8,5,Wednesday
8792009665,2016-04-28,1,402,416,2016-04-28,96.6,14,Thursday
8792009665,2016-04-29,1,398,406,2016-04-29,98.0,8,Friday
8792009665,2016-04-30,1,343,360,2016-04-30,95.3,17,Saturday
8792009665,2016-05-01,1,503,527,2016-05-01,95.4,24,Sunday
8792009665,2016-05-02,1,415,423,2016-05-02,98.1,8,Monday
8792009665,2016-05-03,1,516,545,2016-05-03,94.7,29,Tuesday
8792009665,2016-05-04,1,439,463,2016-05-04,94.8,24,Wednesday
